{
  "hash": "219d01b1",
  "configHash": "b62ddcec",
  "lockfileHash": "3736f9b0",
  "browserHash": "4fc65935",
  "optimized": {
    "@angular/core": {
      "src": "../../../../../node_modules/@angular/core/fesm2022/core.mjs",
      "file": "@angular_core.js",
      "fileHash": "2fe68455",
      "needsInterop": false
    },
    "@angular/platform-browser": {
      "src": "../../../../../node_modules/@angular/platform-browser/fesm2022/platform-browser.mjs",
      "file": "@angular_platform-browser.js",
      "fileHash": "d6c3c3f4",
      "needsInterop": false
    },
    "@angular/router": {
      "src": "../../../../../node_modules/@angular/router/fesm2022/router.mjs",
      "file": "@angular_router.js",
      "fileHash": "70d6bcf3",
      "needsInterop": false
    }
  },
  "chunks": {
    "chunk-J3CNNKKO": {
      "file": "chunk-J3CNNKKO.js"
    },
    "chunk-UXDG6NSB": {
      "file": "chunk-UXDG6NSB.js"
    }
  }
}