{
  "hash": "2291f0cf",
  "configHash": "221a4cde",
  "lockfileHash": "2c0a143d",
  "browserHash": "13c1aef3",
  "optimized": {
    "@angular/core": {
      "src": "../../../../../node_modules/@angular/core/fesm2022/core.mjs",
      "file": "@angular_core.js",
      "fileHash": "f32b77c3",
      "needsInterop": false
    },
    "@angular/platform-browser": {
      "src": "../../../../../node_modules/@angular/platform-browser/fesm2022/platform-browser.mjs",
      "file": "@angular_platform-browser.js",
      "fileHash": "989eaa5e",
      "needsInterop": false
    },
    "@angular/router": {
      "src": "../../../../../node_modules/@angular/router/fesm2022/router.mjs",
      "file": "@angular_router.js",
      "fileHash": "1304d49e",
      "needsInterop": false
    },
    "@angular/forms": {
      "src": "../../../../../node_modules/@angular/forms/fesm2022/forms.mjs",
      "file": "@angular_forms.js",
      "fileHash": "4c91f7bd",
      "needsInterop": false
    },
    "@angular/common/http": {
      "src": "../../../../../node_modules/@angular/common/fesm2022/http.mjs",
      "file": "@angular_common_http.js",
      "fileHash": "7ff79652",
      "needsInterop": false
    },
    "@angular/common": {
      "src": "../../../../../node_modules/@angular/common/fesm2022/common.mjs",
      "file": "@angular_common.js",
      "fileHash": "6f761724",
      "needsInterop": false
    }
  },
  "chunks": {
    "chunk-JL5MJ3DL": {
      "file": "chunk-JL5MJ3DL.js"
    },
    "chunk-ZAN7557F": {
      "file": "chunk-ZAN7557F.js"
    },
    "chunk-Z6CPQRJN": {
      "file": "chunk-Z6CPQRJN.js"
    },
    "chunk-N3XTPJSH": {
      "file": "chunk-N3XTPJSH.js"
    }
  }
}