{
  "hash": "a55b4151",
  "configHash": "16f25e4f",
  "lockfileHash": "759f9111",
  "browserHash": "4ce64b5b",
  "optimized": {
    "@angular/common/http": {
      "src": "../../../../../node_modules/@angular/common/fesm2022/http.mjs",
      "file": "@angular_common_http.js",
      "fileHash": "e04ccc39",
      "needsInterop": false
    },
    "@angular/core": {
      "src": "../../../../../node_modules/@angular/core/fesm2022/core.mjs",
      "file": "@angular_core.js",
      "fileHash": "0c50e454",
      "needsInterop": false
    },
    "@angular/platform-browser": {
      "src": "../../../../../node_modules/@angular/platform-browser/fesm2022/platform-browser.mjs",
      "file": "@angular_platform-browser.js",
      "fileHash": "f0405b7f",
      "needsInterop": false
    },
    "@angular/router": {
      "src": "../../../../../node_modules/@angular/router/fesm2022/router.mjs",
      "file": "@angular_router.js",
      "fileHash": "fc8eb6ca",
      "needsInterop": false
    }
  },
  "chunks": {
    "chunk-YXJWBO4O": {
      "file": "chunk-YXJWBO4O.js"
    },
    "chunk-V7T7HQ7G": {
      "file": "chunk-V7T7HQ7G.js"
    },
    "chunk-KJBDP7EP": {
      "file": "chunk-KJBDP7EP.js"
    }
  }
}