{
  "hash": "fdeaf5d4",
  "configHash": "4f3fe4b7",
  "lockfileHash": "e768e782",
  "browserHash": "3c9b8aca",
  "optimized": {
    "@angular/common": {
      "src": "../../../../../node_modules/@angular/common/fesm2022/common.mjs",
      "file": "@angular_common.js",
      "fileHash": "f709db11",
      "needsInterop": false
    },
    "@angular/common/http": {
      "src": "../../../../../node_modules/@angular/common/fesm2022/http.mjs",
      "file": "@angular_common_http.js",
      "fileHash": "f8486a43",
      "needsInterop": false
    },
    "@angular/core": {
      "src": "../../../../../node_modules/@angular/core/fesm2022/core.mjs",
      "file": "@angular_core.js",
      "fileHash": "7190c746",
      "needsInterop": false
    },
    "@angular/forms": {
      "src": "../../../../../node_modules/@angular/forms/fesm2022/forms.mjs",
      "file": "@angular_forms.js",
      "fileHash": "e63f4959",
      "needsInterop": false
    },
    "@angular/platform-browser": {
      "src": "../../../../../node_modules/@angular/platform-browser/fesm2022/platform-browser.mjs",
      "file": "@angular_platform-browser.js",
      "fileHash": "0c6751e3",
      "needsInterop": false
    },
    "@angular/router": {
      "src": "../../../../../node_modules/@angular/router/fesm2022/router.mjs",
      "file": "@angular_router.js",
      "fileHash": "2590ee6e",
      "needsInterop": false
    }
  },
  "chunks": {
    "chunk-JL5MJ3DL": {
      "file": "chunk-JL5MJ3DL.js"
    },
    "chunk-ZAN7557F": {
      "file": "chunk-ZAN7557F.js"
    },
    "chunk-Z6CPQRJN": {
      "file": "chunk-Z6CPQRJN.js"
    },
    "chunk-N3XTPJSH": {
      "file": "chunk-N3XTPJSH.js"
    }
  }
}